{"bagging_fraction": 0.5935166476056839, "drop_rate": 0.3622062793963785, "feature_fraction": 0.5485892932500758, "lambda_l1": 4.453297733821403, "lambda_l2": 4.633817416757843, "max_bin": 67.27329488393833, "max_depth": 3.0288526200190704, "max_drop": 27.69852603291074, "min_data_in_leaf": 21.587489526159608, "min_split_gain": 0.04815891792473386, "n_neighbors": 16.462468585498584, "num_leaves": 71.96952148484002}