{"l1": 0.0027408409818461266, "l2": 0.00904159656998016, "n_neighbors": 14.699223795046494}