{"l1": 0.006171888786369539, "l2": 0.0405715442762844, "n_neighbors": 11.767930181820343}